{
    "name": "htcw_data",
    "version": "1.0.1",
    "description": "Provides dependency free data structures",
    "keywords": ["vector","map","data"],
    "authors": {
        "name":"honey the codewitch",
        "homepage": "https://www.codeproject.com/Members/code-witch"
    },
    "license": "MIT",
    "frameworks": ["arduino"],
    "platforms": "*",
    "build": {
        "unflags": "-std=gnu++11",
        "flags": "-std=gnu++14"
    },
    "repository":
    {
        "type": "git",
        "url": "https://github.com/codewitch-honey-crisis/htcw_data.git"
    },
    "examples": [
        {
            "name": "Demo",
            "base": "examples/demo",
            "files": [
                "platformio.ini",
                "src/main.cpp"
            ]
        }
    ]
}